first_name,last_name,address,city,state,postcode,date_of_birth,phone_number,email,user_name,password,ipv4,ipv6,mac_address,domain_name,url,color_name
Custodio,,"Calle Gertrudis Vilanova 56 Puerta 4 
Tarragona, 29935",Huesca,Valladolid,34911,32-13-2022,+34880 11 02 86,verdejoolegario@example.org,anselma91,!4YG1&6^@m,105.128.47.186,bb4a:48e2:e1dc:2d46:504a:72ae:df38:cd2e,68:e4:04:a7:38:4c,barbera.net,error_value,Orquídea medio
Anabel,Hernández,"Vial de Ema Román 239
Baleares, 33028",Cuenca,Palencia,26658,1972-07-05,INVALID,teofila45@example.org,agataroda,hX7VCt4lG),121.117.110.5,9fb1:5232:827e:af2d:e27b:b375:9a48:64dc,7e:9a:dd:c9:62:83,salvador.net,error_value,Amarillo dorado claro
Amor,,"Avenida de Manu Plaza 814
Lleida, 20543",Jaén,Lleida,INVALID,2000-02-05,+34 941 919 573,perezbartolome@example.com,zblasco,,error_value,230a:26ee:5af5:baa7:1743:3022:c927:fb64,9e:39:d5:2f:b9:95,restauracion.com,https://iris.es/,Verde
,Melero,"Cuesta de Rosa María Benavent 283
La Coruña, 51419",La Rioja,Santa Cruz de Tenerife,29942,1956-11-30,+34 883501040,galianoluis-miguel@example.org,,,125.22.71.166,7034:acd7:f008:8d4e:35d:6d75:5784:97c,4a:26:f3:ae:fd:17,banca.org,https://inmobiliaria.es/,Blanco floral
Nicodemo,Solé,"Vial de Emelina Serna 77 Piso 2 
La Coruña, 19748",Teruel,,48577,2012-10-22,INVALID,,,*$JnFquqo9,196.81.140.125,error_value,62:48:84:9e:9b:e3,carrera.com,error_value,Bisque
,Clavero,"Glorieta Daniel Pascual 83
Burgos, 25685",Ciudad,León,17968,32-13-2022,+34 846 49 65 62,ernesto00@example.net,perlitaochoa,o&*l8Rlh)y,71.238.202.161,error_value,error_value,perea.com,error_value,Amarillo dorado oscuro
Jerónimo,Atienza,"Vial de Sebastián Riera 95 Puerta 6 
Navarra, 50492",Navarra,Sevilla,INVALID,2019-10-13,+34 824 365 164,xcolomer@example.com,,WMtCOrMa+5,85.120.74.139,22f6:4293:a26a:6e63:cc0a:897d:a4db:6292,d0:fd:a4:f6:ab:5d,despacho.org,error_value,Cian clarto
Chita,Galindo,"Acceso Martín Gomez 18 Piso 2 
Guipúzcoa, 49344",Cádiz,Burgos,15344,1911-01-15,+34 967382233,baldomeroandrade@example.org,vmolins,mz^4Sl%Sy%,171.185.82.17,ddb5:64dd:15fe:42b:65bc:77ac:2a4:d8df,68:6c:0d:9a:64:2a,tapia.es,error_value,Turquesa pálido
Delfina,Pino,"Urbanización de Nazario Jordá 7 Piso 9 
Cádiz, 49296",Alicante,Palencia,27582,32-13-2022,+34 876 24 62 11,uporta@example.org,saavedraamarilis,5epY_amu$S,14.91.154.74,3ae5:774:82b8:9874:f931:ec1:1196:8c78,1c:9b:e8:4f:22:51,error_value,https://fabrica.es/,Verde prado
Remedios,Almagro,"Acceso de Fabián Navas 767 Piso 3 
Tarragona, 50084",Soria,Ceuta,42543,2007-05-21,+34 973 008 878,adanesperanza@example.org,puentemarcelo,G&9AHhP%Y0,41.4.220.88,b6b4:e663:94a5:1387:7d55:6d02:eeba:46d3,a8:38:b2:51:0f:74,grupo.com,error_value,Azul Alicia
Sebastian,,"Plaza de Nélida Diaz 3 Piso 2 
Alicante, 07057",,Pontevedra,26436,32-13-2022,+34 849 616 308,sosimoraya@example.net,,PR9LIrRIb!,error_value,ceb1:e1fb:9bc1:9760:a046:f40f:802a:59b5,error_value,grupo.com,http://www.martin.es/,Oro
Rosalina,Robles,"Alameda de Victor Bello 170 Apt. 75 
Valencia, 07121",Cantabria,,32754,1968-09-16,+34975549377,german51@example.net,irios,^z7ZZe#1m$,186.103.43.157,a7f4:ac12:52e4:1c9b:2ecd:6fd5:63ce:5614,e0:19:4e:a8:61:e5,manufacturas.es,http://comercializadora.com/,Amarillo dorado claro
,Vilalta,"Vial de Pacífica Robles 71
Santa Cruz de Tenerife, 40344",Málaga,Toledo,INVALID,1998-01-05,+34981 388 445,fidel10@example.org,eugenio86,e7AGe$Yk$1,error_value,9f4d:8944:f0b8:830b:bf59:27bc:c62e:d8c8,error_value,transportes.es,http://construccion.es/,Púrpura
Salud,Colomer,"Urbanización de Carina Perelló 678 Piso 6 
Badajoz, 24775",Las Palmas,Huesca,29534,2021-09-26,+34848 099 314,juan-pablo24@example.com,qmarino,3!Dfy3)K#O,221.93.45.167,c417:4414:8a70:df25:c06:a5fb:eb33:62c4,4c:2c:1d:ac:c2:f9,error_value,http://restauracion.com/,Azul anciano
Nicolás,Castells,"Acceso de Zoraida Pino 53
Jaén, 43596",,León,14305,1914-01-07,+34 924318767,,esmeraldaalcaraz,kr5k@CJoX%,2.121.220.242,c910:72d2:609d:f882:76a8:3de:9a13:2116,7e:a3:96:b3:44:4e,inmobiliaria.com,https://www.grupo.net/,
Rodolfo,Llanos,"Glorieta de Manuel Albero 3
Ourense, 52098",León,,INVALID,1977-07-23,+34 704157787,portarufina@example.net,felixserrano,&APuV1im^9,73.147.19.215,error_value,42:60:15:df:31:f2,zabaleta.es,https://www.farmaceutica.net/,Gris pizarra claro
,Jiménez,"Via de Evaristo Ribas 171
Las Palmas, 01363",Tarragona,Segovia,26545,32-13-2022,+34875 22 95 29,jpatino@example.com,,!3UkCQ^gjL,94.93.224.136,8a43:adb2:f9f7:eecb:a33d:c86f:f09:7745,8a:12:78:8a:64:a8,error_value,https://supermercados.es/,
Glauco,Garcia,"Pasaje Begoña Batlle 791
Granada, 30542",Ciudad,Melilla,21966,2004-01-13,+34 820 49 71 49,trinidad64@example.org,flavioriquelme,)7GIHbIDh(,191.252.218.170,661d:8b3e:bede:53e0:9415:eb5a:3005:3303,82:0d:66:7d:72:49,error_value,error_value,Marrón perú
Juan José,Pi,"Via de Apolonia Sales 2 Piso 0 
Albacete, 47862",Cáceres,Baleares,02954,1994-12-25,INVALID,soraya40@example.com,augusto69,#mv$UWWZ35,121.135.138.2,9780:90e6:fc6d:2480:e71d:2fe7:a788:15ab,bc:8b:ee:6a:ef:c0,inmobiliaria.org,http://www.promociones.com/,Blanco lino
Bárbara,Hervia,"Plaza de Mónica Isern 23 Puerta 1 
La Rioja, 15575",Valladolid,Málaga,42004,1937-12-28,+34 884 00 34 26,,,$DYY#wEL29,87.12.219.104,8d9f:f65d:8e86:9ac4:d32a:8302:6903:1742,60:83:8f:cd:a3:f5,sala.es,https://www.comercial.com/,Violeta
Severino,Puig,"Avenida Roldán Ibarra 6 Apt. 32 
León, 16967",,Asturias,15842,32-13-2022,+34 820106411,muletbernarda@example.com,vizcainodaniel,,190.159.114.111,3d47:1185:95be:7099:ad2a:aa52:60c5:c492,error_value,palmer.com,https://comercializadora.com/,
Antonio,Cobo,"Cuesta de David Gutiérrez 80 Piso 0 
Valencia, 39871",,,51587,1973-11-25,INVALID,cloe67@example.net,macariosales,iL4FSUaf#D,74.6.38.2,64be:87eb:c2fb:3b89:5d9a:d826:5eb7:d25a,c0:b5:f7:87:c0:4f,industrias.net,https://www.juan.com/,Azul azur
Aroa,,"Acceso de Apolinar Gonzalo 96
Cáceres, 45737",Málaga,Murcia,INVALID,32-13-2022,INVALID,,lucas86,LB56%D_n^8,30.9.219.98,aefc:46fa:5b90:1d9f:d179:b05a:109:971b,c4:a1:0a:ec:c3:2d,murcia.com,error_value,Rojo ladrillo
Nazario,Amigó,"Camino Heriberto Neira 62 Puerta 7 
Sevilla, 39348",Guadalajara,Albacete,41937,1962-03-08,+34887 294 440,ruperto12@example.net,,,error_value,error_value,error_value,finanzas.es,https://familia.es/,
,Teruel,"Cuesta Adelia Fajardo 7 Apt. 33 
Barcelona, 40901",Cáceres,Alicante,41636,1991-01-17,+34 876 706 434,vivesloreto@example.com,sarabiaberta,v7MN0d#(^H,215.156.141.174,6c57:eaed:733:b836:9da9:8ef8:c7fd:5b62,58:39:61:d3:67:42,tecnologias.com,http://www.galvan.es/,
Candela,Arnal,"Pasaje de María Luisa Bonilla 62
Cantabria, 07271",Ciudad,Girona,42857,1912-06-11,+34 987167654,bayoneulalia@example.org,rosa-maria43,aPx20sCx&3,111.109.85.73,937c:2cba:ba55:dbba:82b6:f125:ee56:d974,1e:74:55:7c:9f:08,fabrica.net,http://www.cristian.net/,
Baldomero,Carlos,"C. de Demetrio Manjón 26
Melilla, 22047",,Guadalajara,48295,1977-10-29,+34 886 087 223,carmenvillalonga@example.com,kdiez,Dx&2WNUo+@,48.207.183.245,43f7:4680:c94c:8f96:a11f:c13b:30d6:788f,3e:f4:08:a2:12:02,comercial.es,https://www.familia.com/,Ciruela
Belen,Roig,"Pasadizo de Salomón Díaz 9
Navarra, 13983",Cádiz,Ceuta,43352,32-13-2022,INVALID,nestorblazquez@example.net,doroteacoloma,Qup1)X7n&*,error_value,97ec:d888:7426:45c9:b3dc:b9af:bc84:7097,3a:3e:b6:ac:ee:f2,duilio.com,https://hermanos.org/,Violeta oscuro
Eric,,"Ronda Mireia Solera 3 Puerta 5 
Santa Cruz de Tenerife, 30866",Valencia,,07347,1975-10-04,+34 949 06 23 23,,porteroregulo,ec0y%AEn($,165.79.78.232,44e3:c905:1f44:43f2:a9ba:2c0a:6479:9c,error_value,consultoria.com,https://www.familia.org/,
Eliseo,Jerez,"Plaza Rosario Belmonte 38 Apt. 50 
Badajoz, 50613",Vizcaya,,INVALID,32-13-2022,+34 942 340 189,,ctorrecilla,+4LAu8UN!G,92.220.152.240,874b:7db4:6221:a698:15c1:5d98:1dd9:6c10,ac:fc:95:43:6f:1e,restauracion.es,http://www.peiro.es/,Rosa brumoso
Epifanio,Alberto,"Glorieta de Lupe Figueroa 800
La Rioja, 33138",,,29370,32-13-2022,INVALID,juradocamila@example.net,isaiasalcaraz,MbG@YBM%^3,101.156.250.218,9e65:a5a1:68c8:e243:9b02:d232:211f:e710,error_value,familia.es,https://www.suarez.es/,
Gabriela,,"Camino de Azucena Girona 62
Albacete, 27463",Álava,Teruel,INVALID,32-13-2022,INVALID,ceciliabermejo@example.org,zacuna,%b9HPQif1v,error_value,b5ac:8b14:be12:9d6:ccac:b047:3716:dd41,46:28:b2:70:56:5e,placido.com,error_value,Azul lona
Ruben,Coello,"Glorieta de Carmina Andreu 40
Lugo, 32218",Valladolid,Madrid,25831,1933-09-27,+34706 55 13 57,teofila64@example.org,rechevarria,sZ7K8MEa1+,111.62.28.168,e878:24cb:abe0:8258:41a4:17e8:ea18:f300,error_value,rossello.es,https://emiliana.net/,Marfil
,España,"Cuesta de Sebastián Juan 32
Alicante, 38908",,Guadalajara,36404,1972-09-27,+34 838221275,almudenacaparros@example.org,xelias,0t*Llath&m,7.85.82.141,90c0:ccfa:d4f2:284f:4c8d:433:e9ba:a1bf,38:5f:06:78:34:fb,promociones.com,https://www.manufacturas.es/,Violeta cardo
Wilfredo,Salamanca,"Urbanización de Visitación Campillo 75
Cáceres, 04298",Melilla,Las Palmas,31577,1911-07-05,INVALID,,leandra38,,51.113.23.174,5c49:60c5:1088:5cbf:9b86:9cb9:90b9:47cd,3e:cb:32:0c:4a:5f,delfina.es,error_value,
Alejandra,Llopis,"Acceso de Ramona Solís 60
Vizcaya, 24937",Cantabria,,32891,32-13-2022,+34 901363265,,eulaliaterron,+7H6sQje2A,182.78.207.251,ce84:a9c7:a575:f217:7ad4:243b:fd9e:b8be,74:d0:f2:7a:a1:0e,familia.com,http://www.despacho.es/,
Tadeo,Bautista,"Cuesta de Vanesa Avilés 73
Murcia, 36239",Melilla,Pontevedra,18363,1910-03-16,INVALID,morantesalvador@example.org,silvestre16,l$6&5CEs2^,error_value,1f2f:815a:861:6c35:e968:a041:1aab:825c,40:9c:30:41:45:2a,construccion.com,http://www.tecnologias.net/,
Nieves,Rios,"Paseo de Timoteo Carnero 560 Piso 6 
Lleida, 09451",Segovia,Soria,34376,1947-03-30,INVALID,canasgabriel@example.net,pedrosafrancisco,+1We4TS+Sl,131.205.72.123,error_value,58:14:5b:97:97:0a,luisa.com,error_value,Agua marina medio
Miguel,,"Alameda de Jose Miguel Querol 78
Ceuta, 22949",Pontevedra,,06455,32-13-2022,+34885021091,jaranestor@example.com,mabascal,,147.128.197.88,fa18:5f5d:41a1:41da:e0ab:9df2:2723:7c0d,80:7c:00:ed:89:01,bernad.es,https://hnos.es/,Gris claro
Hortensia,Hernandez,"Callejón de Silvio Martí 7
Badajoz, 20395",Burgos,,28386,1954-01-22,+34923 97 87 77,salinasamalia@example.org,regueracelestino,,93.175.3.175,305b:fa0c:5770:41a:4fa8:2dd9:1beb:120f,36:c4:c3:2e:94:db,suministros.es,http://www.arnal.com/,Rojo oscuro
Angelino,Jaume,"Via Nazaret Mateos 62 Puerta 1 
Las Palmas, 51509",Valladolid,Teruel,25979,32-13-2022,+34876 472 508,maria-doloresoller@example.org,iniguezmoises,ZI6Q0sWx4%,4.232.244.202,ecae:cb22:5236:126a:be48:9f55:b7:25b,30:b1:26:e1:6f:e3,promociones.es,https://mineria.es/,
Evaristo,Iniesta,"Alameda de Pedro Oliver 730
Toledo, 16195",Guipúzcoa,Álava,07526,1954-08-31,+34 871371548,maria-josesoler@example.org,placidobustamante,,error_value,6cc1:6073:9de:8f1d:6f88:e9da:f95a:ec0,04:26:5c:17:22:0e,roda.com,http://www.velazquez.net/,
Salud,Pinilla,"C. de Samuel Oller 11 Piso 4 
Barcelona, 18769",Navarra,Murcia,INVALID,1988-06-04,+34 988 601 246,amanciocastrillo@example.com,pvaquero,,138.135.189.208,f144:a916:c138:f76e:b309:70c4:e797:408,d6:8a:67:65:c2:95,cepeda.com,error_value,Verde pálido
Apolonia,Barrera,"Cañada Glauco Aranda 14 Piso 1 
Burgos, 16385",Las Palmas,Ávila,07418,32-13-2022,INVALID,,mosqueraflora,%_$8LE_c3D,18.79.158.164,9c9:be07:e6ff:5f3d:7878:15be:2c8f:4c0b,6a:5d:e8:08:9c:ca,adolfo.com,http://www.restauracion.es/,Marrón madera rústica
Mohamed,Cabrero,"Ronda Lalo Estrada 25
Cáceres, 09778",Melilla,Alicante,05097,1938-07-03,+34871853110,nguzman@example.org,,,66.6.22.15,error_value,22:37:c1:72:76:db,error_value,http://www.comercial.net/,Chartreuse
Ximena,Vives,"Rambla de Zaira Barón 14 Apt. 57 
Lleida, 28025",,Zamora,17213,1948-02-15,+34 878119634,noriegasalvador@example.com,lvicens,,180.155.90.101,374f:b868:77e3:e7ba:7a4b:6f18:3d57:abe9,f6:22:89:23:58:ce,soluciones.es,http://alamo.com/,Orquídea
,Serrano,"Glorieta Petrona Corominas 680
Álava, 38772",Ávila,Segovia,INVALID,1934-10-28,+34884 51 89 11,valleroque@example.net,,Ar%2yjD8O@,error_value,572b:5b1a:a82:62a2:3e51:a214:38f0:f306,4a:1e:31:31:4a:7f,estrada.es,error_value,
Alfredo,,"Via de Cosme Aguado 660 Apt. 11 
Melilla, 45550",Almería,Melilla,34381,2011-07-08,+34 944 820 561,marc93@example.org,avillena,dK#0Horh9j,108.125.148.121,error_value,82:75:1c:c2:01:15,alimentacion.com,http://www.restauracion.com/,Amarillo dorado pálido
Victoria,Quirós,"Callejón Zoraida Álvarez 679 Piso 5 
Santa Cruz de Tenerife, 41155",,Barcelona,39361,1995-07-20,+34 831 70 19 94,apariciojose-angel@example.net,florina84,2W^5XJqawJ,26.231.171.155,4885:ef17:7c5b:d9f8:d72a:c3e9:4aa2:b33c,98:b5:35:a8:05:0e,desarrollo.es,http://www.grupo.com/,Marrón arena
Jenaro,,"Plaza de Amaro Verdú 6
Huesca, 38020",Salamanca,,12483,1983-06-24,+34806305572,noacanton@example.com,gisela11,(6opNI7g%Z,123.242.167.107,3851:51c0:d5c4:e868:a672:ebf4:7082:81e9,bc:92:49:db:76:dc,desarrollo.net,http://www.despacho.es/,Blanco menta
Cintia,,"Ronda de Rosalva Acedo 4 Apt. 26 
Badajoz, 10574",,,02075,1975-12-06,INVALID,,sabaterbasilio,Vm9RSwsE!k,150.152.201.53,eac9:67c0:157f:8307:6388:4c52:b99b:3de2,26:10:65:4d:32:1e,instalaciones.es,https://finanzas.es/,
Leocadia,Simó,"Glorieta de María Manuela Madrid 407 Piso 2 
Toledo, 43039",,Palencia,10050,1977-10-05,+34 923 96 05 35,alegriaamada@example.net,,NKc85%UvE),47.126.80.83,a47:9d97:63ec:4d19:2e2b:aa8d:7509:6389,88:35:91:56:a5:12,error_value,http://pena.com/,Turquesa medio
Jordana,Frías,"Pasaje de Heriberto Frías 2 Apt. 65 
Sevilla, 03046",Castellón,Las Palmas,INVALID,1940-11-25,INVALID,marisa36@example.org,kbellido,7&5lZAvKOV,113.92.76.6,4624:a700:fc83:7722:6ffa:eb28:9111:d22e,84:8e:2d:5b:2d:14,inmobiliaria.org,http://desarrollo.net/,
Gonzalo,Baró,"Avenida de Ulises Tur 50 Puerta 4 
Cádiz, 13690",Murcia,Teruel,36206,1979-02-02,+34847 98 98 80,fsosa@example.com,adelaida18,_1gSL_MqF9,136.223.243.242,error_value,88:74:0c:c6:61:45,compania.org,https://cortes.es/,Violeta oscuro
Wilfredo,Gutiérrez,"Glorieta Jose Manuel Benitez 55
Huesca, 16786",Jaén,Huelva,38070,1943-03-12,+34928 93 05 10,wduran@example.org,ayalatito,wpRD4MWe&9,126.99.14.65,65be:4a5c:e862:ddb:1f3f:9eb:66cf:2b04,02:98:b2:77:ee:a8,trillo.com,http://www.suministros.com/,Marrón rosado
Gracia,,"Rambla Arcelia Calatayud 732 Apt. 39 
Cáceres, 46408",Castellón,,40992,1924-11-25,+34 834 08 85 05,bertranezequiel@example.com,palvarez,es2xNChKO(,148.188.184.38,912f:926a:1f91:a8af:f8d2:6534:5231:d291,f0:14:9b:63:d3:08,eutropio.es,https://www.promociones.com/,Blanco lavanda
,Chico,"Calle Luis Patiño 51 Piso 7 
Cuenca, 39843",Ourense,,32006,1908-12-14,+34 924532152,msoler@example.com,melaniagras,_CEnuIp25u,57.97.169.168,cc7:f737:4323:de01:83ee:b0a:dd26:b73a,error_value,banco.es,http://alba.es/,Salmón oscuro
,Cepeda,"Alameda Domitila Marcos 34 Puerta 5 
Pontevedra, 19417",,Zamora,INVALID,1966-08-05,+34948404452,icuesta@example.net,krodenas,^_0K7a%oW$,69.174.69.96,bb6a:d157:a87e:4b83:a4dc:4115:4ef5:5471,a8:a7:b7:04:f7:0e,tecnologias.es,error_value,Azul real
Susana,Anaya,"Callejón Liliana Alcántara 60 Piso 2 
Zamora, 15014",,Huelva,48604,2010-09-25,+34971949670,,constanza11,_0OGauys5q,77.246.62.50,77c7:4902:1a3f:7806:8631:c7b6:4e77:5e7a,f8:c4:a6:e2:90:35,finanzas.com,error_value,Rojo
Pastora,Salmerón,"Alameda de Tomás Benitez 86 Piso 7 
Cuenca, 41616",Navarra,Ciudad,47418,1929-10-30,+34821 92 63 81,natanael95@example.net,mbravo,i(7v5Vel&H,190.179.130.58,4809:f24a:55c1:af11:1ab3:d20a:850e:a2f4,96:20:f4:b0:57:fd,banco.com,error_value,Azul Alicia
Azeneth,Millán,"Vial de Eugenia Blanco 8 Puerta 3 
Vizcaya, 34936",Murcia,Ourense,INVALID,1946-06-02,+34 949 255 659,,serafina22,#8z6RWR*cg,45.73.98.61,7781:1e46:9b10:4236:aa21:32a4:20e7:c785,ce:dd:3e:ec:11:3c,error_value,error_value,Rojo
Cristina,Aragón,"Via Gabino Barceló 185 Apt. 28 
Navarra, 47699",Jaén,Málaga,INVALID,32-13-2022,+34 974 91 77 47,candelario17@example.com,felipa33,dpzO2Ggsi@,110.183.198.209,65da:95ba:d902:fc66:cc65:7bd6:39d3:1f4b,ec:5e:7a:89:d5:69,nadal.es,error_value,Fucsia
,Aguilar,"Avenida de Donato Córdoba 1
Cantabria, 07424",Tarragona,Huelva,INVALID,1914-11-24,+34 816 26 57 16,pinorosario@example.org,trini13,#wRc%!Fxa4,106.203.20.247,error_value,94:ff:f8:15:21:62,tecnologias.com,https://alondra.es/,Chocolate
Maximino,Almazán,"Pasadizo Reyes Vilar 209 Apt. 29 
Alicante, 06583",Zaragoza,Lleida,13248,2016-04-01,+34803804072,,julie99,_l&4lPj+@7,46.185.91.154,b804:e8ac:c635:b67d:9b01:647c:8613:b3e6,error_value,hotel.es,http://familia.com/,
Cecilio,Castell,"Via de Amelia Roman 47 Puerta 8 
Álava, 34736",,,33800,1995-04-09,INVALID,boixlidia@example.com,loretotolosa,UN@0Ufiww&,184.116.139.160,250e:9d90:4705:ec64:8242:aedd:1b70:1770,error_value,hidalgo.com,https://caballero.org/,Oro
Florentino,Quintanilla,"Urbanización de Marciano Sebastián 27 Apt. 34 
Teruel, 33266",Lugo,Vizcaya,11154,1922-05-25,+34947 46 56 98,dvelez@example.com,juan-antoniofiol,+53FQHT%g9,error_value,524f:c42a:3c22:4e1:76a6:6a73:69fc:c424,a6:d1:58:e9:3b:d2,hotel.org,http://carro.com/,Marrón perú
,Viña,"Cuesta Vicente Albero 402
Sevilla, 11613",Teruel,Granada,37277,1966-01-30,INVALID,harnaiz@example.org,ycontreras,p&@H0W5tgr,59.6.170.6,e3a0:b7f0:90ad:4245:3bf5:6a3:4c08:3da7,78:71:ca:db:78:0c,promociones.es,http://mineria.com/,Agua-marina
Manu,,"Pasaje Rodrigo Osorio 14 Piso 8 
Girona, 31517",Barcelona,Asturias,40009,1940-12-27,INVALID,xrebollo@example.org,felicianoarmas,8CC8%zlF*H,206.200.135.46,b793:30f1:f652:ce34:3bb:4e29:87e:240,e8:6e:71:e9:1d:18,clavero.org,https://pavon.es/,Azul acero claro
Trinidad,Carlos,"Cuesta José Mari Jódar 1 Puerta 9 
Granada, 20579",,Álava,40545,1936-07-01,+34 978 628 674,gracia83@example.com,ema41,W!TL80Vwl(,4.243.228.122,7ab9:9b7e:56de:16b4:5d1e:c517:4918:2d68,error_value,error_value,https://hermanos.com/,Lima
Melania,Criado,"Callejón Miriam Novoa 444
Badajoz, 19917",Asturias,Ávila,32887,1971-09-24,+34974782867,sjuan@example.org,,,188.141.30.23,cd6a:d2f2:9c93:45d0:6018:b3ec:e608:8227,error_value,hermanos.es,https://jacinto.es/,Rosa profundo
Toni,Jurado,"Camino Valero Gimenez 3
Barcelona, 09380",,Alicante,INVALID,32-13-2022,INVALID,tejedoramador@example.net,yanezcipriano,ZP01aF*b_N,131.169.164.129,237a:a793:31a7:327a:24a1:75f8:f5e8:e5a6,2a:f9:12:89:2e:62,instalaciones.net,https://www.consultoria.com/,Blanco floral
Visitación,Donaire,"Ronda Ximena Ribas 7 Apt. 70 
Guipúzcoa, 14191",Cantabria,Ceuta,45443,1943-05-28,+34 848408232,carvajaljeronimo@example.org,kike49,^tmMo+xt58,117.123.160.144,72d6:c27e:c1a8:48bb:34c5:d12c:90e:14a3,5c:4f:c9:7f:4d:cb,industrias.es,http://compania.net/,
Tania,Mateo,"Cañada Luna Girón 54
Huesca, 10101",Huelva,Huesca,26319,2017-08-14,+34 920678987,pradaamarilis@example.com,zapatamaristela,QE0L4H4ty^,error_value,error_value,98:64:70:dd:b6:c4,banco.org,http://hnos.es/,Salmón oscuro
Soledad,Pizarro,"Pasadizo Wálter Grande 97
Lleida, 41242",Sevilla,Baleares,INVALID,1922-10-02,+34 961 994 064,ceferinomurcia@example.com,alberto37,a2P4jbb8_#,error_value,c887:80f8:6d60:aaaa:4aed:a403:6417:194,da:63:0a:a5:dc:d5,familia.es,http://infraestructuras.es/,Rojo violeta medio
Manuel,Losada,"Cuesta de Perlita Morell 38
Barcelona, 03003",Burgos,Madrid,INVALID,1994-10-25,+34 744 958 785,wiglesia@example.net,evaarino,yc1Ip7Oix+,213.158.30.30,614c:3b64:a1ab:b357:35ef:311b:a5a3:69eb,fc:01:6a:c5:e3:b6,error_value,https://tecnologias.es/,Púrpura medio
Estela,Pareja,"Via de Eligio Villalba 141 Puerta 8 
Granada, 39489",,Zamora,27579,1970-03-08,+34 745388498,gcatala@example.net,celsopalomino,1Rm9YcVd^4,132.142.98.138,c088:a26e:a698:dbbd:721f:c9da:3b56:d447,8e:b9:9b:1b:c3:19,tecnologias.org,https://www.alimentacion.es/,Azul pizarra
Victoriano,Barrera,"Calle Rafael Márquez 320 Piso 3 
Jaén, 11166",Valencia,,18550,1919-09-14,+34 948 13 01 12,badiatamara@example.org,urenavalentina,%0nkXRzDV(,error_value,5b30:499f:a2b8:a941:fc5d:87a8:9fd6:dada,a4:b8:c7:e2:d8:2f,patino.es,error_value,Azul medianoche
Gustavo,Amores,"Avenida de Marco Mosquera 8
Soria, 18485",Jaén,Cantabria,09821,2013-06-24,+34927836033,,,+K0RNJyP2H,42.233.1.90,error_value,3c:3f:74:39:69:c7,error_value,error_value,Beige limón
Camila,Salgado,"Cañada Conrado Fernandez 313
Castellón, 15922",Castellón,Zamora,16482,2015-12-10,INVALID,,nicolauchus,,141.196.255.236,7e04:b0:22f6:41bb:1467:4030:2b92:b059,error_value,galan.net,http://www.cosme.com/,Blanco menta
Eva María,,"Cañada Rafa Velasco 461 Piso 4 
Teruel, 05501",Huelva,Murcia,34606,32-13-2022,+34 949752487,dalmaupacifica@example.net,patriciallamas,+9X7l%E2!g,169.109.249.33,306b:ad8:37fe:b1e8:c84b:be8e:5ec:1e6d,b2:93:2e:f5:99:8f,farmaceutica.com,https://www.fabrica.es/,Magenta
Chelo,,"Acceso de Carmela Álamo 79
Madrid, 21604",Valencia,,INVALID,1944-01-03,INVALID,,ecarreras,(5SttPNe#L,74.3.240.25,35f3:36b1:f566:72ab:8d54:ef11:9b25:9d87,94:ef:82:85:fa:95,moreno.org,https://despacho.es/,
Toribio,Tejero,"Cañada de Amanda Martín 3
Teruel, 16789",Zamora,,INVALID,1921-10-06,INVALID,mercherequena@example.com,corneliovillegas,N%6RRslF#c,154.175.133.23,8285:3545:97a7:fd2e:a622:c1f0:b0dd:33ae,26:f0:79:29:e4:ec,logistica.es,https://www.consultoria.es/,
Alex,Quesada,"Acceso Alejandro Moreno 59
Murcia, 09423",Murcia,,03095,1968-01-14,+34 941 556 411,,hlosada,O_P5W2wpxg,168.128.12.15,b9ed:c4b0:b4ee:f7fc:aea0:ea1:8dc9:36e7,62:aa:06:4e:93:49,error_value,https://www.salvador.net/,Orquídea medio
,Molina,"Via Juan Francisco Conde 34
Granada, 30663",,,INVALID,1935-06-27,+34879 31 55 63,pastorcamara@example.com,pagesleocadia,SM&5UzwgDc,164.41.28.208,c518:6657:275f:72a7:afdc:dffc:ffdf:c4fc,error_value,error_value,error_value,
,Robles,"Urbanización de Fabio Ramirez 52
Burgos, 16150",Ciudad,Pontevedra,50927,1997-07-26,INVALID,,albano91,^xMDsEmtZ6,142.161.252.252,error_value,ae:24:09:99:2a:58,carreno.org,https://banco.com/,Violeta oscuro
,Cuenca,"Ronda Toño Abella 61 Piso 2 
Girona, 23405",Zaragoza,La Coruña,10071,32-13-2022,+34 849126526,octaviomas@example.com,ileana82,Y(0XjiPMf+,128.118.64.107,62af:acfd:f5a6:9d3f:f178:6420:9f29:eadb,52:51:67:fb:15:df,error_value,error_value,Púrpura medio
Cloe,Acedo,"Alameda de Hernando Alvarado 74 Puerta 2 
Guipúzcoa, 38120",Santa Cruz de Tenerife,,INVALID,1976-03-28,+34 980 391 873,gabinoanguita@example.net,milagros35,^4QNWLW7hr,40.168.75.110,aed2:a2bf:a4b2:a5f:2ffb:d107:a9f4:11e3,4e:49:1b:88:9d:52,garmendia.com,https://www.wilfredo.com/,Amarillo maíz dulce
Virgilio,Milla,"Camino de Victor Peláez 482
Barcelona, 10031",Las Palmas,,15505,2015-02-24,+34979 88 43 30,bordonez@example.com,abigailestevez,J4216H(s$_,65.35.1.236,e4d7:5016:a4a6:fd02:6651:c824:190c:8d7f,78:c3:86:b9:2a:a8,transportes.es,http://amancio.com/,Verde claro
,Rocamora,"Via de Adelina Cerdán 14
Ourense, 33820",Murcia,Santa Cruz de Tenerife,20010,32-13-2022,+34736 37 69 45,,dorita29,O$C12CpKH#,184.186.66.254,7fdc:b720:cf1c:fdd9:cfa0:a64a:dc95:1a1c,2a:fc:3e:04:75:9c,error_value,http://hermanos.com/,Marrón perú
,Villena,"Via de Guadalupe Camacho 444 Puerta 4 
Málaga, 11143",Lleida,,INVALID,1961-04-21,+34877759103,celiabosch@example.com,leonel87,a^e$3#rw0O,error_value,e60:d069:ee5d:a63f:dd8d:3f35:bc2f:362b,error_value,comercial.net,error_value,Beige melocotón
Gertrudis,Jara,"Via Adoración Linares 22
Baleares, 22111",Ourense,,44909,32-13-2022,+34 807456192,zacariastenorio@example.org,josevalles,(08YcqG$tQ,168.20.42.136,105:a859:4451:2ffe:7bb8:87f4:3352:6882,error_value,servicios.com,http://arcelia.com/,
Ovidio,Ribes,"Urbanización Telmo Iñiguez 130
Badajoz, 34266",,Baleares,INVALID,2011-11-29,INVALID,valarcon@example.org,ramona04,17CqIk%d$Z,50.17.142.188,error_value,error_value,industrias.com,http://inversiones.org/,Orquídea medio
Mayte,Correa,"Paseo María Del Carmen Carreras 8
Ceuta, 20877",Guadalajara,Ciudad,47815,32-13-2022,+34 823108016,jeremiasrozas@example.org,mvives,,error_value,5320:263b:92f8:e196:9614:e2a5:823b:cdc6,84:ac:e4:ea:fb:05,hnos.com,http://asensio.net/,
Belén,Benito,"Callejón Rosa María Fuente 40
Lleida, 14982",Pontevedra,,02785,2020-03-06,INVALID,wpedrero@example.org,,,56.243.60.115,2143:c05e:26af:4c0d:12cb:1440:7f03:ae98,error_value,sala.es,https://mineria.es/,Blanco encaje
Manuel,Isern,"Via de Víctor Galindo 20
Cuenca, 34774",Melilla,Guadalajara,INVALID,1982-08-10,+34619273382,nbelda@example.org,zpenalver,$#4)KyVg9k,7.46.57.126,2c31:fb86:70d6:1795:310e:2a74:3949:8be3,d8:e9:d3:c1:ba:a8,candelas.es,error_value,Azul acero
Abilio,Ferrer,"Ronda Valentín Chamorro 79 Apt. 13 
Cantabria, 42601",Lugo,Córdoba,40350,1935-06-21,INVALID,juan-carlos00@example.org,,&0KjRp7a*1,168.20.34.239,1ba5:a5ac:947e:2d24:7c24:5f6d:1402:3e8c,error_value,error_value,https://www.transportes.es/,Gris mate
Aitana,,"Urbanización de Consuelo Buendía 208
Tarragona, 35698",León,,INVALID,1958-07-30,+34800361267,amparotejera@example.net,bernarda44,,66.123.84.23,900f:574c:2693:27af:f0a3:9fd6:fa36:bfbb,error_value,banca.es,https://www.servicios.com/,Violeta cardo
,Izquierdo,"Glorieta de María Belén Pérez 58 Piso 4 
Ciudad, 10606",Las Palmas,Guadalajara,INVALID,2003-04-23,+34 876 873 135,nicanorcuesta@example.org,,B7POtUKO#D,223.132.15.176,a6e4:d75d:9516:5eb5:c909:280c:4e:1ac5,c6:86:76:08:0c:3f,grupo.com,http://compania.es/,Azul pizarra
Consuela,Mercader,"Rambla de Teófila Palacios 3
Cáceres, 26787",Málaga,La Coruña,39621,32-13-2022,+34825 098 652,liliana89@example.org,feliciano88,t(1PX)Buvp,25.141.56.158,error_value,76:f1:6e:32:aa:7d,mineria.com,http://www.soluciones.com/,Oliva
,Milla,"Alameda de Etelvina Ríos 22
Ciudad, 22316",,Palencia,INVALID,1958-03-30,+34 856221803,garciablanca@example.net,carbonelldemetrio,Jw1sPQdv^(,164.80.181.59,9006:8859:6534:97f9:d90e:6657:ef80:836a,86:56:92:8f:71:31,hnos.org,http://hotel.com/,Violeta cardo
